"desert","examine","satisfied","writer","plastic","national","market","ground","cake","bee"
"stop","largest","smoke","press","minute","already","rocket","industrial","market","put"
"divide","start","our","changing","picture","surprise","detail","typical","result","grain"
"fifth","several","higher","silk","sleep","perhaps","studied","ice","yet","frame"
"greatly","busy","progress","golden","brave","cake","storm","construction","route","difficulty"
"pick","population","outside","hope","remain","alike","plates","bag","almost","bone"
"flag","my","mainly","plates","dear","transportation","chance","bar","atom","nearby"
"brain","influence","done","principal","recent","tell","differ","gun","stove","writer"
"ball","diagram","than","careful","apple","lovely","motion","late","cave","it"
"support","day","birds","came","two","soap","giving","stone","average","unhappy"
"level","talk","wire","cent","typical","journey","dried","forgotten","supply","large"
"planned","beside","letter","furniture","company","slip","serious","thrown","by","girl"
"bridge","frog","thousand","anything","physical","cloud","harder","month","alike","make"
"numeral","watch","mail","pretty","social","function","alone","sent","setting","another"
"in","heard","by","won","tongue","came","lonely","him","meet","wooden"
"harbor","political","nodded","circle","wood","want","appropriate","like","ring","character"
"promised","fought","glad","call","golden","sick","member","heavy","shoot","camp"
"people","farm","fog","collect","ask","aware","mill","happen","empty","sale"
"perfectly","star","remain","national","cup","along","dog","library","clearly","type"
"crack","develop","carry","stranger","model","height","factor","shelter","train","poor"
"principle","discuss","third","airplane","hurried","hot","yet","property","shaking","receive"
"naturally","iron","how","around","quick","bit","hand","friend","among","forgotten"
"sets","identity","stage","support","people","stuck","simply","mile","love","part"
"favorite","began","very","dig","operation","star","consonant","rapidly","happened","trick"
"paper","wooden","ants","hurry","come","rule","division","effect","burst","indeed"
"salt","sheep","wheat","tower","man","soft","nose","roof","population","giving"
"actual","maybe","know","grandfather","through","or","president","magic","yard","this"
"origin","moon","greatly","carry","theory","local","edge","both","orbit","brought"
"poem","against","cool","immediately","call","public","recognize","certainly","soil","camera"
"hole","enough","paint","property","dust","union","oil","due","better","elephant"
"soft","perhaps","corner","broad","complex","load","dark","aloud","am","particles"
"summer","atmosphere","badly","join","second","again","secret","bus","push","health"
"dear","browserling","loss","could","consist","idea","flag","victory","has","perfect"
"here","eventually","little","immediately","stiff","mother","general","chest","buried","wire"
"essential","forgotten","earn","according","gold","experiment","laugh","magnet","extra","wrapped"
"end","rather","closer","pig","using","fought","army","same","numeral","package"
"extra","diameter","curious","dog","till","president","design","gun","forgot","make"
"furniture","level","fewer","future","specific","wooden","birth","floating","good","constantly"
"quickly","popular","caught","respect","shop","pencil","his","couple","brush","bee"
"memory","back","when","character","citizen","hand","easily","operation","myself","certain"
"thus","friend","affect","brick","football","type","happy","blow","first","wonder"
"studying","twelve","simplest","compass","observe","sense","mainly","verb","silk","worse"
"molecular","any","moon","smell","pitch","strength","send","record","gave","slow"
"modern","tongue","barn","balance","shop","taken","pony","wise","machine","greater"
"environment","now","street","minute","pitch","indicate","soil","strength","however","balloon"
"behind","completely","getting","natural","paper","gasoline","breakfast","difficulty","river","him"
"power","cannot","pole","natural","pony","against","high","receive","camera","president"
"value","suddenly","fair","nearly","just","whale","drive","love","myself","coast"
"applied","pile","birds","tent","ice","or","harder","battle","evidence","noise"
"solid","merely","city","pattern","model","pale","diameter","even","industrial","sweet"
"function","struck","differ","coast","valuable","snow","accident","wish","share","trouble"
"colony","list","nodded","available","chicken","brown","labor","topic","window","lion"
"find","pond","may","begun","phrase","forth","care","oil","mouth","according"
"guess","north","captured","little","nobody","when","design","sort","rocky","few"
"silence","final","wheel","group","planet","off","positive","able","neighborhood","two"
"song","hang","play","badly","pony","throat","knew","produce","white","simple"
"apple","dream","point","saddle","offer","finish","labor","voice","usual","third"
"six","certainly","truck","gone","exciting","birthday","expect","rough","suggest","case"
"blind","stop","energy","had","describe","know","facing","wear","describe","studied"
"fed","aloud","course","blow","mad","basis","hurry","cent","thee","include"
"see","into","hung","happy","influence","house","consonant","weight","possible","beat"
"rubbed","husband","hang","police","worry","cent","river","deep","rope","pony"
"shout","tried","nose","breakfast","love","range","closely","taste","body","swung"
"are","send","apart","cook","wheat","unhappy","specific","off","sea","plant"
"neighbor","shinning","dirty","first","over","sound","guide","follow","plus","lost"
"final","twelve","travel","noise","cover","calm","nation","appearance","doing","taught"
"beauty","ocean","crew","queen","somehow","space","duty","tall","gain","also"
"think","stop","page","airplane","silent","changing","aloud","package","hung","tank"
"land","substance","tobacco","pink","led","orange","lower","doctor","milk","iron"
"being","art","cotton","ranch","gave","she","shaking","quiet","worried","amount"
"likely","take","score","saw","stream","bow","helpful","so","usual","soap"
"bush","nice","simple","nearby","upper","blow","bite","type","typical","wrong"
"wooden","bean","means","voyage","mistake","chicken","forgotten","specific","future","mixture"
"lay","only","law","closely","train","within","belong","experiment","actual","hello"
"immediately","stock","finish","reader","fence","capital","heading","although","shore","equally"
"fear","east","gate","those","meet","horn","happen","perfect","stopped","plenty"
"apartment","military","six","flight","turn","freedom","could","visitor","solve","village"
"play","repeat","solar","weak","stuck","classroom","usual","back","drove","powerful"
"horse","building","iron","castle","jet","prove","globe","smooth","slightly","adult"
"region","largest","voyage","morning","floor","fog","trace","catch","thousand","parallel"
"pool","count","drink","work","liquid","heart","unhappy","word","camp","leg"
"sense","suppose","fish","straw","double","care","beginning","complete","alike","musical"
"very","actual","industry","writer","typical","completely","president","company","run","sheet"
"writer","row","arrange","nearly","stock","pine","gather","sheet","full","pair"
"somebody","room","ourselves","handle","nothing","rope","opportunity","jet","paid","aid"
"production","thread","local","book","danger","worried","lead","mirror","tightly","opposite"
"official","piece","there","girl","except","factory","roar","joined","trouble","physical"
"two","congress","aside","respect","available","labor","understanding","merely","page","source"
"body","tax","smallest","rod","within","folks","command","rough","foot","best"
"among","follow","gray","board","rocket","valuable","giving","distant","limited","gate"
"operation","pleasant","kids","central","asleep","in","sitting","improve","substance","eager"
"cake","given","silent","next","serious","add","grow","character","indicate","wrote"
"depend","caught","engine","important","doll","age","imagine","outside","discuss","tool"
"meant","unusual","wet","together","balloon","conversation","cast","seat","drove","pink"
"out","between","frozen","desert","arrow","know","tin","cave","plane","tightly"
"vowel","electricity","thin","above","be","article","war","mine","write","look"
"able","result","thank","height","explore","nervous","sink","already","cup","attempt"
"die","shop","wise","careful","sink","hang","sunlight","golden","about","straw"
"solve","kept","seeing","loud","bet","box","friend","slabs","shelf","dig"
"form","tin","may","for","out","she","double","cow","flower","fact"
"eaten","heading","circus","by","wet","reader","opposite","weather","thread","foreign"
"plenty","smile","treated","although","man","stems","middle","largest","seeing","snake"
"general","produce","old","fought","largest","social","closely","drive","telephone","tune"
"special","proud","blow","tie","faster","army","make","tribe","tree","moment"
"then","minute","began","behavior","hurried","unless","city","onto","keep","manner"
"given","twice","noted","gradually","field","lamp","forth","were","important","changing"
"slope","herd","wherever","baby","rabbit","every","quickly","arm","fallen","respect"
"bring","owner","depth","animal","cabin","dance","saved","write","apple","major"
"tip","element","rich","key","fighting","pilot","just","fifty","silver","detail"
"grass","captured","castle","route","broken","circus","engine","football","thumb","understanding"
"hurt","truth","excellent","bound","neighbor","paid","list","struck","tube","review"
"shut","other","forget","bank","soon","football","composition","beyond","am","higher"
"hidden","raw","relationship","rhyme","cabin","become","mad","seeing","herself","stage"
"birds","drew","muscle","science","truth","never","lake","so","still","appearance"
"while","wrote","deeply","silence","jack","total","gain","discussion","brother","effect"
"by","also","business","crack","thus","hard","south","needle","shown","detail"
"oxygen","refer","among","eight","per","wherever","high","flight","themselves","ordinary"
"my","acres","center","roof","milk","hole","electricity","becoming","thumb","direction"
"length","trade","paper","complex","exercise","collect","still","rush","rising","be"
"press","policeman","coal","daughter","hope","complete","floating","ocean","high","make"
"fighting","building","canal","wave","cloud","egg","amount","chain","weigh","sport"
"ordinary","most","slept","flat","reach","far","count","pipe","adult","safety"
"film","fell","most","freedom","eight","bow","pretty","sum","flame","ancient"
"ground","appropriate","discovery","around","goes","pair","hand","attack","swimming","choice"
"carefully","safety","cold","die","question","flag","store","dog","establish","screen"
"identity","gas","joy","poetry","arrange","page","how","exciting","cream","sight"
"discussion","war","moment","explanation","empty","evening","gain","afraid","split","truth"
"nose","tape","fireplace","already","stuck","women","construction","it","before","nearby"
"state","again","merely","some","create","rush","upon","mostly","species","spoken"
"those","roll","income","soon","carry","zero","tank","block","cannot","solid"
"lack","fairly","page","nervous","carry","instance","powder","it","worry","each"
"grandmother","silk","joy","hunter","toward","thee","said","additional","wild","telephone"
"directly","voice","pile","giving","machinery","type","rice","dear","cell","start"
"for","phrase","lady","mad","fastened","where","excited","say","lost","wool"
"adventure","religious","circus","oil","world","tea","cap","pattern","touch","straight"
"meant","movie","addition","bend","pale","fairly","wheat","doubt","major","class"
"chance","gold","excited","mighty","birth","forty","sure","hospital","giving","breeze"
"ate","meal","strip","shadow","order","modern","again","baseball","poem","nodded"
"fence","tea","can","practice","leg","series","shorter","due","steel","home"
"silly","tune","go","forget","grass","verb","wrote","language","coach","partly"
"gift","slipped","fine","me","pig","up","oil","substance","just","pure"
"complex","broken","town","wonderful","story","spite","cave","angle","number","camera"
"wild","tales","shut","whenever","also","month","useful","forget","save","children"
"hot","sign","flower","basic","audience","century","buried","grow","using","lady"
"warm","element","blanket","location","beat","gentle","famous","figure","cheese","breakfast"
"other","pocket","sign","bridge","customs","library","spoken","wire","can","explore"
"plan","stand","shaking","believed","copper","fact","tight","driver","lead","vapor"
"palace","worse","edge","practice","respect","cotton","known","supper","advice","aware"
"goes","dress","grade","sing","division","silly","sheep","then","agree","here"
"school","pond","stopped","choose","able","among","eat","sale","plate","dull"
"stretch","hill","pick","ran","supply","low","donkey","us","life","imagine"
"connected","independent","ever","chief","railroad","evidence","grain","block","similar","bridge"
"load","done","trunk","you","creature","even","record","myself","primitive","wish"
"greater","hard","check","task","tide","share","also","aside","vegetable","pick"
"piano","then","metal","theory","wind","good","beauty","handsome","melted","needed"
"wagon","rise","magnet","easily","range","greatest","selection","tin","shells","aboard"
"point","water","people","syllable","instrument","eye","planning","world","he","plural"
"against","twelve","earth","sing","remove","many","art","widely","nor","block"
"count","cat","arrangement","possibly","cannot","except","lie","do","shout","roar"
"point","men","sink","fallen","press","surrounded","bark","chapter","doing","fence"
"take","winter","age","corn","government","fifteen","dust","studying","graph","principle"
"thee","statement","speed","cut","blew","pack","extra","previous","atomic","pot"
"torn","loud","curve","fill","eager","cool","selection","certainly","ring","breakfast"
"sold","clearly","year","use","science","without","bet","rays","famous","wolf"
"weigh","ourselves","evidence","voice","spent","fallen","team","steady","dig","work"
"type","climate","saved","mark","sail","kill","front","mean","quietly","double"
"moon","future","cutting","north","school","air","success","express","cattle","bicycle"
"former","century","not","plates","sink","cave","adult","favorite","shape","fair"
"though","people","recently","business","consider","fight","nuts","fruit","probably","make"
"official","satellites","quiet","nearby","green","trip","nervous","fastened","headed","verb"
"start","part","sort","felt","solar","wire","green","in","evidence","represent"
"needle","paid","tonight","mainly","buy","fully","location","book","save","aloud"
"spell","between","wife","dawn","castle","trade","compound","throw","great","tip"
"horse","die","arrange","moon","truck","settle","graph","aboard","passage","wife"
"eight","broke","case","expect","border","example","hello","everywhere","throat","influence"
"salmon","putting","myself","wide","done","easier","begun","dark","salt","dry"
"warn","verb","successful","material","whispered","term","never","century","forgotten","silk"
"forget","into","darkness","then","refused","spin","author","necessary","event","saw"
"throat","post","strike","powerful","nearer","key","tobacco","rise","funny","camera"
"equally","my","team","amount","lips","fur","increase","stopped","choose","believed"
"crop","clay","your","notice","gasoline","select","coming","somehow","blow","force"
"silence","whenever","tears","football","introduced","method","ship","tune","hung","observe"
"copy","universe","band","locate","outer","turn","speech","highest","seat","sum"
"clothing","stomach","dead","paid","dozen","guard","universe","paper","system","recall"
"drop","dug","hay","air","movie","constantly","thou","class","correctly","capital"
"closer","tobacco","remember","nation","molecular","soil","sleep","protection","eaten","title"
"unusual","structure","onlinetools","house","getting","direct","brick","help","breathing","bound"
"certainly","swam","mile","solar","frame","definition","author","period","drew","army"
"door","course","half","pure","list","longer","especially","rocket","political","evening"
"second","orbit","move","medicine","religious","complete","flight","strength","shine","bus"
"rose","wrapped","mail","battle","surrounded","alphabet","wood","class","depth","turn"
"composition","subject","building","lesson","native","happened","neighbor","aid","them","average"
"occasionally","garden","barn","star","he","equal","company","together","save","eleven"
"voyage","surprise","minute","would","shoot","stopped","course","anyway","sugar","cow"
"night","thirty","active","distant","middle","finest","under","adjective","daughter","equally"
"foreign","accident","moon","crowd","chosen","war","distant","move","loud","drink"
"degree","seed","arm","stuck","studied","goes","shells","lot","thing","broken"
"music","leaving","difference","mad","exercise","person","applied","mail","cow","signal"
"knew","exact","ground","cost","shut","smile","somebody","log","keep","small"
"somebody","announced","dream","length","model","reason","even","native","face","driven"
"list","anybody","accident","quickly","straw","hold","score","toy","century","becoming"
"shoulder","think","home","using","fewer","view","tight","higher","fellow","ahead"
"office","city","came","above","glass","crop","bowl","local","judge","sort"
"television","boat","line","sold","five","scared","nearly","basis","writing","minute"
"husband","fastened","butter","green","act","father","pretty","gas","magnet","tip"
"pipe","wagon","heat","put","repeat","rabbit","selection","engineer","us","pass"
"block","sea","pile","brain","visit","breathe","evening","flame","led","pipe"
"donkey","choose","rubber","ourselves","leaving","dig","she","free","dangerous","coach"
"chain","up","clean","meat","south","danger","behind","feature","little","water"
"tears","three","except","jungle","crew","twelve","ring","famous","breathing","method"
"ship","hurry","properly","breakfast","traffic","accept","shake","difficult","greatly","gather"
"eager","slightly","production","typical","feed","city","care","structure","least","sight"
"health","thee","got","series","physical","share","scientist","religious","character","fun"
"slide","quiet","collect","farm","underline","control","tea","kitchen","series","quite"
"anywhere","also","gasoline","riding","gasoline","ring","cream","upon","master","sail"
"few","pan","folks","offer","thread","speak","continued","am","driven","herself"
"driver","chosen","might","direction","equally","bring","of","ocean","game","tax"
"rest","so","distance","exercise","mysterious","spent","coach","unhappy","beauty","stems"
"manufacturing","dead","my","ear","pressure","statement","properly","trace","remove","coal"
"lake","flame","heat","fireplace","swung","railroad","struggle","blow","trouble","improve"
"your","feet","forest","physical","however","final","either","equator","thick","rhythm"
"as","gone","strange","suddenly","plant","story","fur","selection","correctly","satellites"
"fellow","certainly","settlers","unknown","development","plane","actually","slept","depth","keep"
"usual","bark","you","firm","barn","grass","tie","underline","describe","compound"
"printed","sat","mad","danger","did","hundred","dish","apartment","discovery","stepped"
"garage","sold","atom","addition","deer","smallest","opinion","ocean","purple","swung"
"circus","shown","oxygen","essential","region","snake","fire","color","triangle","principal"
"lucky","object","thread","lesson","only","waste","song","trap","behavior","mice"
"green","mother","fox","flower","wise","building","wear","cell","police","depth"
"heavy","somehow","knowledge","battle","positive","figure","globe","pupil","anywhere","within"
"baby","summer","ask","tank","clock","control","use","stiff","choice","wide"
"night","average","except","bush","whom","built","hospital","edge","fresh","printed"
"die","tomorrow","battle","happy","cowboy","sing","rapidly","include","left","serious"
"strip","luck","vapor","task","curious","face","southern","tape","selection","frog"
"policeman","source","yard","bet","earlier","push","boy","early","story","same"
"outside","plate","blanket","safe","mirror","blue","twenty","hard","shore","silk"
"difference","town","receive","building","roof","age","bat","quarter","original","regular"
"helpful","rapidly","gray","slightly","silk","spin","exactly","relationship","voice","horn"
"till","spin","tropical","recognize","situation","star","blood","win","tie","clearly"
"tomorrow","thou","college","egg","simply","hay","vertical","tiny","tribe","step"
"sleep","sweet","island","end","gentle","ask","vertical","industrial","finally","somehow"
"sang","time","truth","balloon","cookies","another","choice","breath","flower","airplane"
"border","know","type","grandmother","scared","cut","go","card","score","per"
"slope","particles","air","shoe","tiny","broke","pour","radio","team","available"
"troops","gentle","poetry","store","try","continent","glad","chest","property","unhappy"
"after","arrange","center","model","ability","island","country","moving","colony","grow"
"many","smile","second","teeth","farm","solve","street","dot","plane","must"
"labor","us","market","handsome","catch","ice","volume","whom","major","freedom"
"heading","rather","suggest","sand","east","student","fallen","fellow","ability","secret"
"these","very","wave","coach","suit","air","troops","daily","terrible","warn"
"manufacturing","flower","me","garden","year","large","coach","judge","getting","faster"
"tears","society","science","principal","than","dress","care","half","life","her"
"active","skill","enter","telephone","deer","gate","or","chamber","flow","instrument"
"children","pine","ready","at","asleep","over","keep","poet","successful","keep"
"cell","fat","carried","youth","swimming","than","service","operation","image","journey"
"oxygen","blow","symbol","college","ocean","river","sand","deer","meat","percent"
"ten","work","careful","diameter","pack","spider","invented","package","another","magnet"
"early","pony","send","development","truth","poetry","eager","thick","doing","bit"
"shoe","cotton","indeed","round","golden","soldier","mood","thought","cool","many"
"gradually","stronger","recognize","tune","course","baby","different","five","animal","nuts"
"vapor","pot","play","recall","needle","running","heavy","egg","detail","running"
"map","wife","die","exist","completely","represent","plenty","job","operation","feathers"
"chance","provide","oldest","making","setting","not","myself","spider","direction","thin"
"harder","appearance","baseball","occur","behavior","jack","supper","shade","grew","satisfied"
"shore","leader","love","remember","are","better","sure","danger","statement","minute"
"draw","flies","rays","fairly","needle","changing","other","price","palace","pleasant"
"tax","angry","given","basket","continued","compare","remove","zero","charge","rough"
"unhappy","passage","actual","gather","ought","magic","southern","design","hide","root"
"pipe","wrong","color","effect","replace","stairs","sing","hurry","trap","lead"
"until","different","subject","torn","throw","title","company","collect","physical","fifth"
"failed","state","generally","relationship","grow","closer","bone","shoulder","guess","lovely"
"use","frequently","race","week","yard","hot","favorite","biggest","must","planet"
"follow","hold","let","ourselves","purpose","taste","mine","immediately","cookies","exactly"
"edge","edge","monkey","deep","knowledge","port","research","arrange","route","natural"
"needle","spend","order","earth","lead","fog","spend","simply","were","many"
"generally","jack","first","track","up","muscle","different","tie","kids","journey"
"piano","pine","range","known","declared","circus","term","gate","good","round"
"wealth","needs","correctly","piano","raise","thirty","fear","magic","native","phrase"
"town","blank","even","around","lift","opportunity","south","shinning","nervous","expression"
"where","barn","swimming","amount","ride","phrase","loud","pencil","plenty","roll"
"these","driven","wing","store","steady","while","stick","cell","figure","test"
"rapidly","blanket","disease","inside","same","therefore","want","cat","image","coffee"
"parallel","grandfather","rocky","exact","allow","simple","telephone","worth","solar","minute"
"pleasure","month","pain","every","change","trace","medicine","two","president","willing"
"gave","rush","roof","open","sum","shorter","mathematics","goes","lot","burst"
"high","cream","nearby","what","visitor","iron","fallen","forest","pink","butter"
"writing","fresh","danger","weak","tried","browserling","curious","closer","command","find"
"fill","biggest","at","deal","lucky","raw","own","operation","birthday","throw"
"post","where","drove","smell","ordinary","fully","great","blow","definition","trunk"
"hundred","them","alone","court","fence","chain","cross","hidden","sat","search"
"copper","during","when","power","poor","frog","aware","heavy","direction","bowl"
"bill","gently","you","simple","forget","noted","plural","clearly","teeth","primitive"
"refused","necessary","unusual","canal","office","package","sort","pine","rose","graph"
"bicycle","thread","cream","design","plus","east","eventually","part","composition","wire"
"cowboy","weak","brief","grandmother","colony","prevent","twice","shoe","sort","being"
"either","old","satellites","fight","gate","she","compound","busy","quiet","on"
"sentence","detail","speed","am","but","trap","later","machine","lift","travel"
"gather","appearance","lack","place","source","guess","can","object","rule","guard"
"happen","joy","camera","transportation","of","greater","silent","globe","basic","there"
"bag","tomorrow","nearer","say","prepare","frog","row","consist","rear","map"
"pressure","officer","tight","bill","raw","although","end","lungs","race","lying"
"soil","ocean","early","active","rays","leaf","record","first","silly","knew"
"stick","border","buy","easily","church","danger","team","coach","upper","native"
"practical","science","suppose","fish","shape","plates","toward","courage","test","rope"
"regular","fair","noun","name","rise","smile","laid","him","perfectly","dress"
"complete","throughout","married","school","begun","herself","well","matter","small","clean"
"nose","better","nothing","directly","our","straight","loose","home","deeply","slept"
"pig","sentence","mud","should","creature","pipe","section","simplest","element","plane"
"sat","duty","highway","choose","bush","feed","fix","catch","war","likely"
"sick","alive","east","both","thou","doing","being","compare","steep","whispered"
"heart","temperature","compound","tube","wool","planet","entire","truck","union","breathe"
"brother","recognize","brass","soil","include","nor","direct","broken","riding","facing"
"raise","vowel","bill","ring","stuck","conversation","captured","thick","ancient","met"
"engineer","classroom","food","further","yard","cattle","actually","rising","test","popular"
"easy","temperature","composition","animal","appearance","graph","station","east","cost","make"
"pleasant","price","company","law","studied","happened","building","region","tell","been"
"its","service","shelf","mail","might","fierce","habit","faster","experiment","population"
"sold","comfortable","function","music","pine","observe","meal","tank","movement","capital"
"bark","fire","beginning","burst","join","sick","upward","steady","noted","nose"
"sometime","both","sign","vapor","drink","major","engineer","plus","idea","serve"
"library","border","slow","government","closer","gasoline","forgotten","final","political","hello"
"young","citizen","society","great","tobacco","express","pain","taste","line","grade"
"star","local","round","dull","dig","raw","leather","suggest","frozen","blew"
"whistle","situation","height","they","nearer","separate","closer","went","railroad","anyone"
"meet","creature","bank","broken","mathematics","musical","stay","shaking","jack","fighting"
"anything","failed","construction","cell","out","broad","age","food","highest","aid"
"caught","bite","sitting","army","plural","grass","frozen","sold","add","ancient"
"count","cut","hot","community","serious","secret","volume","poem","hang","shown"
"traffic","as","chest","world","including","mountain","likely","fuel","suppose","children"
"till","giant","smooth","company","torn","sing","remarkable","origin","turn","hurt"
"lay","remain","process","most","pencil","atom","you","gravity","spring","so"
"load","good","cowboy","taste","classroom","certainly","leg","hospital","column","situation"
"master","setting","law","sad","evidence","hollow","beat","chapter","club","what"
"dig","dull","specific","water","below","huge","growth","farm","develop","firm"
"vessels","under","government","so","shorter","storm","earn","during","tonight","loose"
"mice","command","announced","rock","solve","safe","hunter","during","service","social"
"fog","animal","spell","service","thousand","perhaps","last","garage","trip","science"
"apartment","exciting","individual","flies","metal","everything","choice","desert","join","sister"
"hall","organization","old","ocean","finish","slope","stems","church","establish","as"
"by","place","lake","time","hello","hour","bowl","examine","angle","stove"
"express","whale","begun","full","pleasant","football","model","taken","load","dull"
"took","morning","opposite","coach","atmosphere","neck","clear","sick","compound","origin"
"cream","operation","suddenly","piece","heading","flew","battle","leave","skin","dawn"
"organization","daughter","nuts","excellent","remain","egg","does","silk","finally","sharp"
"create","involved","collect","tribe","would","golden","doll","cell","nose","circle"
"nature","station","effect","quietly","steep","sheet","growth","dinner","torn","term"
"helpful","struggle","mistake","they","headed","section","barn","spin","mysterious","husband"
"film","door","out","garden","different","view","girl","spell","president","won"
"ever","uncle","pretty","research","lion","verb","measure","science","tube","without"
"baseball","pond","function","birthday","hard","waste","use","beneath","hearing","manner"
"leader","copper","substance","thousand","tone","education","getting","too","yard","night"
"rule","private","birds","roar","indicate","plate","jack","hard","drop","ourselves"
"seen","goose","instrument","stems","onto","shaking","dog","principal","fourth","chart"
"market","whispered","press","line","review","we","soap","sheet","correct","inside"
"giving","understanding","immediately","shelf","title","maybe","crew","girl","truth","official"
"during","silver","nearby","practical","crop","trouble","mean","total","joy","fair"
"bit","bread","composed","bat","loud","library","worker","wash","product","question"
"death","gasoline","buried","safe","egg","crew","supper","glad","college","order"
"written","scale","bear","fine","simple","union","begun","gradually","ride","period"
"long","below","captain","slave","declared","ordinary","labor","clock","smaller","likely"
"nest","period","buried","widely","name","expression","youth","piece","doubt","think"
"card","recent","settle","piece","similar","alive","colony","bit","square","eight"
"happened","jump","slave","important","shells","suppose","flight","headed","mind","it"
"your","animal","it","vote","known","arrive","broken","around","species","white"
"steady","girl","quickly","sign","fear","came","drop","command","became","slabs"
"balance","gain","master","slightly","conversation","appearance","throw","trunk","root","breeze"
"key","happily","nearby","oxygen","college","hung","scale","end","park","as"
"escape","magic","herself","throughout","composed","differ","expression","cause","dance","southern"
"identity","engineer","arrangement","careful","asleep","upon","general","swing","noun","air"
"operation","meant","trip","variety","fierce","cheese","country","worth","hurt","zoo"
"order","pool","current","western","industry","tiny","green","direction","closer","kind"
"aside","indicate","swimming","lovely","might","minerals","chair","completely","dull","arrangement"
"statement","brother","third","silence","watch","nearest","felt","under","show","opinion"
"island","cat","somebody","heat","say","minerals","half","piano","interest","cage"
"ordinary","thin","ago","something","shown","raw","hurry","variety","hay","empty"
"giant","glass","judge","cool","eat","effort","hit","came","flies","average"
"grown","create","space","choice","fruit","accept","red","charge","news","tape"
"perhaps","wild","that","example","keep","judge","enter","afternoon","who","game"
"measure","feet","joined","hung","closely","it","modern","price","government","grade"
"loose","purple","teacher","railroad","fight","pleasant","shelf","pot","pour","but"
"rapidly","north","hit","twenty","bell","rear","trouble","drop","lie","line"
"if","twelve","surface","fear","trap","ought","wet","particles","ground","us"
"equally","useful","opinion","vegetable","nation","other","daily","upward","mental","warn"
"boy","not","relationship","summer","of","us","evening","rope","wide","example"
"meet","art","fallen","battle","clearly","describe","stared","whistle","race","strength"
"willing","ship","shoot","highway","about","went","older","pot","worker","traffic"
"eye","fell","prevent","forty","minute","condition","fight","tongue","listen","research"
"tone","gate","corner","changing","nature","bowl","wide","drawn","different","limited"
"while","pie","horn","discuss","town","torn","lose","military","root","powerful"
"pony","guide","liquid","beat","paragraph","level","interest","me","ever","dropped"
"buffalo","stream","near","good","many","bridge","location","able","nation","writing"
"chance","nuts","band","best","to","largest","fear","cell","system","taught"
"gradually","remove","circus","use","card","older","sheet","graph","got","worse"
"stone","ahead","spin","home","research","flower","born","excitement","toward","facing"
"attention","duck","wide","finally","zoo","mass","length","several","golden","therefore"
"scene","running","upward","good","pleasure","alone","weigh","western","press","stomach"
"believed","hang","army","solid","solve","grandfather","getting","closer","club","army"
"snake","caught","third","can","sweet","fix","vowel","divide","bone","talk"
"nails","desk","deal","ought","triangle","white","trick","wait","become","muscle"
"pressure","shown","chain","mad","watch","donkey","science","beat","simplest","halfway"
"lamp","greatly","hole","they","nest","habit","kill","furniture","at","will"
"fat","gift","lying","parallel","everywhere","cap","lion","physical","behind","merely"
"wore","nearer","both","war","original","cause","nature","rule","effect","dried"
"fur","hole","package","population","equator","breeze","author","worried","information","community"
"will","beautiful","globe","arrive","stuck","crowd","motor","wish","hill","experience"
"prove","think","gave","anything","wing","provide","sale","soft","broken","upon"
"chest","powder","break","wood","car","weight","unless","turn","breath","split"
"pan","power","solid","us","good","begun","visitor","detail","weak","function"
"cow","raw","any","cowboy","apart","important","vertical","owner","become","doing"
"complex","supply","end","fish","pupil","post","needs","list","wish","help"
"this","division","death","shelf","palace","son","cut","progress","win","hidden"
"log","rising","close","fourth","poor","clean","earlier","same","busy","way"
"rhythm","plan","still","behind","salt","golden","rear","song","means","change"
"would","wish","equipment","limited","flag","saw","soap","mouth","protection","fully"
"finally","pack","stood","interior","fifty","per","silence","classroom","opinion","process"
"help","reach","managed","value","draw","massage","basket","sudden","car","rod"
"appearance","or","among","desk","decide","strip","mud","company","gate","member"
"apartment","excited","soil","complex","build","vertical","ants","lunch","had","happy"
"seen","knife","map","box","tower","floor","word","direct","trouble","buried"
"heavy","still","actual","reason","plates","equally","very","average","solar","contrast"
"pay","seen","pack","author","catch","brick","whose","blind","wire","mission"
"queen","brush","note","lion","title","stepped","fully","poet","wall","hospital"
"spring","seed","series","at","protection","key","week","sunlight","built","useful"
"pine","poem","climb","top","city","jump","least","discuss","center","ruler"
"chose","son","further","drawn","check","particles","wife","welcome","opposite","song"
"father","hang","problem","thou","drop","herd","you","attached","planet","fell"
"easy","perhaps","foreign","lower","lamp","capital","sent","thought","difference","applied"
"child","exactly","interior","air","factor","game","week","private","primitive","vegetable"
"colony","dish","south","dry","fort","stronger","structure","area","since","fell"
"thou","saved","globe","sale","we","discovery","rod","citizen","still","birth"
"health","brain","famous","too","building","throughout","country","direct","pond","cake"
"feed","silence","whether","composed","congress","basis","satisfied","alphabet","finger","talk"
"selection","ring","class","value","tie","become","broad","terrible","day","jump"
"captured","are","shout","teacher","living","pitch","husband","gasoline","twice","origin"
"out","unless","teach","anywhere","sometime","history","score","pie","meal","trouble"
"driver","mine","afraid","troops","guard","apple","happy","pair","adjective","pack"
"hunt","poetry","electric","uncle","jack","mixture","unknown","if","railroad","iron"
"hold","sudden","say","thee","automobile","exercise","income","that","motion","moment"
"engine","ran","meet","visit","job","couple","sat","slabs","provide","till"
"fear","seven","thou","luck","forgotten","golden","speech","become","children","troops"
"particles","through","deal","piece","alive","she","line","fireplace","clear","himself"
"complete","spent","gate","layers","indeed","discuss","path","design","spread","curve"
"circle","scale","liquid","bound","pictured","refused","home","saw","pretty","tongue"
"degree","come","chicken","row","leader","red","satellites","play","thumb","game"
"ball","moment","clear","refer","volume","nothing","grass","mostly","probably","larger"
"rhyme","queen","dug","prize","appropriate","voyage","distance","somebody","tax","invented"
"frighten","reason","lie","twice","town","station","tea","dried","track","double"
"activity","way","effect","four","bone","plan","development","practical","goose","pure"
"none","product","finger","fifty","would","same","class","apartment","wealth","source"
"fish","wide","thee","wrote","began","impossible","limited","task","smell","active"
"hunt","further","horn","stairs","equal","log","draw","weigh","tales","happily"
"use","southern","beside","through","trap","identity","drawn","time","captured","understanding"
"interest","consider","steam","compound","volume","start","long","sunlight","globe","lying"
"cowboy","tobacco","join","salt","shall","class","comfortable","touch","highest","jump"
"depth","made","orange","wheat","three","captured","musical","speed","leg","protection"
"particular","bit","college","known","original","studying","nobody","wooden","dead","easier"
"widely","cage","electricity","industrial","prove","winter","respect","major","waste","army"
"army","aid","feel","never","act","dead","shelf","dust","carefully","cost"
"series","where","busy","twelve","class","package","shape","flow","arrange","lower"
"keep","individual","whatever","quarter","blood","system","native","feel","measure","vegetable"
"south","fun","engineer","cage","press","short","report","north","trick","carefully"
"easier","honor","share","soon","fact","some","road","tide","hat","breathe"
"themselves","jump","refer","bark","tax","rocket","announced","mood","slope","bell"
"stick","library","board","mouth","fur","anyone","for","city","president","happy"
"affect","interior","dried","southern","sight","sweet","sell","heat","mouse","actually"
"actually","enjoy","canal","missing","steam","circle","camera","mud","log","attack"
"solar","slow","glad","recent","floor","bear","dirty","difficult","early","door"
"check","promised","shout","twelve","night","baseball","colony","race","actually","total"
"getting","symbol","scientist","crop","usually","determine","everywhere","evidence","point","eat"
"hunter","grade","throw","diagram","steel","sale","took","clearly","whom","ourselves"
"suppose","rabbit","stand","cattle","glad","blank","muscle","crop","package","fun"
"close","fence","property","pitch","suggest","six","idea","particularly","its","prepare"
"additional","little","ice","four","newspaper","cookies","blanket","protection","rich","pocket"
"until","move","somebody","paper","running","swung","honor","operation","coat","rubbed"
"throw","pot","somehow","subject","somebody","eye","baseball","easier","broken","construction"
"deer","lunch","lying","kind","central","chain","family","solar","imagine","show"
"start","largest","hair","strike","sister","time","highest","welcome","therefore","widely"
"level","cut","yet","bus","evening","of","taste","feed","volume","is"
"minute","future","whose","comfortable","variety","classroom","skin","opposite","range","elephant"
"mix","stuck","liquid","cow","track","gave","what","did","missing","hunter"
"been","distant","forest","recently","hospital","bite","explain","changing","close","dawn"
"eight","sea","because","stems","bicycle","sand","give","excited","important","using"
"image","basic","luck","inside","home","courage","everything","duty","onlinetools","sent"
"length","round","applied","than","impossible","continent","fort","musical","comfortable","meant"
"meet","easy","lady","sat","soap","made","my","stand","grow","slave"
"troops","through","power","remarkable","adult","child","moving","labor","century","gas"
"comfortable","create","grow","suit","plastic","from","station","police","she","massage"
"village","voice","rocky","captain","poor","control","aware","back","sat","tape"
"increase","treated","sand","desert","stiff","column","among","spread","children","careful"
"biggest","bare","combination","bound","slow","perfect","earlier","circus","detail","poetry"
"eleven","tune","village","pie","join","adjective","spirit","wait","aside","bend"
"however","mostly","box","these","us","skin","tribe","success","plan","sick"
"could","greatest","tell","forty","third","chapter","car","themselves","birthday","both"
"freedom","massage","negative","tool","author","nest","pot","dozen","rod","send"
"sail","loud","function","buried","fox","hair","thread","explore","phrase","soldier"
"feature","fish","carefully","am","represent","form","office","correctly","lost","behavior"
"variety","observe","throughout","strip","frozen","torn","loose","library","screen","plates"
"past","silk","voyage","shown","catch","broke","scientific","enough","coach","sunlight"
"along","solve","instant","keep","over","amount","bowl","deeply","our","atmosphere"
"rising","tropical","period","largest","purple","degree","log","addition","remember","high"
"tired","chart","flew","pack","family","consonant","managed","rise","audience","bad"